Workbook

Sheet Dashboard
A1: Dashboard Pendataan Lahan
B4: Total Petak | F4: Total Luas (ha) | J4: Rata-rata Kemiringan (%)
B5: =Ringkasan!B3 -> 30 | F5: =Ringkasan!B4 -> 180.99 | J5: =Ringkasan!B5 -> 15.973333

Sheet Data Lahan
A1: Pendataan Lahan – Data Contoh
A4: ID Lahan | B4: Kecamatan | C4: Desa | D4: Penggunaan Lahan | E4: Status Kepemilikan | F4: Jenis Tanah | G4: Luas (ha) | H4: Kemiringan (%) | I4: Elevasi (m) | J4: Kategori Lereng
A5: LHN-001 | B5: Pallangga | C5: Bungaejaya | D5: Hutan | E5: Hak Milik | F5: Aluvial | G5: 9.91 | H5: 3.3 | I5: 154 | J5: =IF(H5<8,"Datar",IF(H5<15,"Landai",IF(H5<25,"Agak Curam","Curam"))) -> Datar
A6: LHN-002 | B6: Tamalate | C6: Barombong | D6: Sawah | E6: Hak Milik | F6: Regosol | G6: 5.19 | H6: 8.4 | I6: 146 | J6: =IF(H6<8,"Datar",IF(H6<15,"Landai",IF(H6<25,"Agak Curam","Curam"))) -> Landai
A7: LHN-003 | B7: Moncongloe | C7: Moncongloe Lappara | D7: Tambak | E7: Hak Milik | F7: Latosol | G7: 7.68 | H7: 20.4 | I7: 20 | J7: =IF(H7<8,"Datar",IF(H7<15,"Landai",IF(H7<25,"Agak Curam","Curam"))) -> Agak Curam
A8: LHN-004 | B8: Tanralili | C8: Allepolea | D8: Sawah | E8: HGU | F8: Aluvial | G8: 6.81 | H8: 4.7 | I8: 112 | J8: =IF(H8<8,"Datar",IF(H8<15,"Landai",IF(H8<25,"Agak Curam","Curam"))) -> Datar
A9: LHN-005 | B9: Bontomarannu | C9: Borongloe | D9: Tambak | E9: Tanah Negara | F9: Latosol | G9: 1.51 | H9: 20 | I9: 53 | J9: =IF(H9<8,"Datar",IF(H9<15,"Landai",IF(H9<25,"Agak Curam","Curam"))) -> Agak Curam
A10: LHN-006 | B10: Pallangga | C10: Bungaejaya | D10: Tambak | E10: Hak Milik | F10: Aluvial | G10: 7.54 | H10: 17.4 | I10: 141 | J10: =IF(H10<8,"Datar",IF(H10<15,"Landai",IF(H10<25,"Agak Curam","Curam"))) -> Agak Curam
A11: LHN-007 | B11: Moncongloe | C11: Bontoramba | D11: Hutan | E11: Tanah Adat | F11: Podsolik | G11: 3.81 | H11: 27.8 | I11: 183 | J11: =IF(H11<8,"Datar",IF(H11<15,"Landai",IF(H11<25,"Agak Curam","Curam"))) -> Curam
A12: LHN-008 | B12: Bontomarannu | C12: Borongloe | D12: Tambak | E12: Tanah Negara | F12: Regosol | G12: 10.54 | H12: 25.5 | I12: 78 | J12: =IF(H12<8,"Datar",IF(H12<15,"Landai",IF(H12<25,"Agak Curam","Curam"))) -> Curam
A13: LHN-009 | B13: Tanralili | C13: Lekopancing | D13: Sawah | E13: Tanah Adat | F13: Latosol | G13: 9.16 | H13: 5.3 | I13: 130 | J13: =IF(H13<8,"Datar",IF(H13<15,"Landai",IF(H13<25,"Agak Curam","Curam"))) -> Datar
A14: LHN-010 | B14: Moncongloe | C14: Moncongloe Lappara | D14: Lahan Kosong | E14: Hak Milik | F14: Podsolik | G14: 4.28 | H14: 12.3 | I14: 132 | J14: =IF(H14<8,"Datar",IF(H14<15,"Landai",IF(H14<25,"Agak Curam","Curam"))) -> Landai
A15: LHN-011 | B15: Tanralili | C15: Allepolea | D15: Sawah | E15: Hak Milik | F15: Podsolik | G15: 5.85 | H15: 23.2 | I15: 20 | J15: =IF(H15<8,"Datar",IF(H15<15,"Landai",IF(H15<25,"Agak Curam","Curam"))) -> Agak Curam
A16: LHN-012 | B16: Pallangga | C16: Pangkabinanga | D16: Permukiman | E16: Tanah Adat | F16: Podsolik | G16: 0.56 | H16: 16.2 | I16: 48 | J16: =IF(H16<8,"Datar",IF(H16<15,"Landai",IF(H16<25,"Agak Curam","Curam"))) -> Agak Curam
... A34: LHN-030 | B34: Moncongloe | C34: Moncongloe Lappara | D34: Hutan | E34: Tanah Negara | F34: Aluvial | G34: 10.07 | H34: 4.2 | I34: 104 | J34: =IF(H34<8,"Datar",IF(H34<15,"Landai",IF(H34<25,"Agak Curam","Curam"))) -> Datar

Sheet Ringkasan
A1: Ringkasan Pendataan Lahan
A3: Total petak lahan | B3: =COUNTA('Data Lahan'!$A$5:$A$34) -> 30
A4: Total luas (ha) | B4: =SUM('Data Lahan'!$G$5:$G$34) -> 180.99
A5: Rata-rata kemiringan (%) | B5: =AVERAGE('Data Lahan'!$H$5:$H$34) -> 15.973333
A7: Penggunaan Lahan | B7: Jumlah Petak | C7: Luas (ha) | D7: % Luas
A8: Sawah | B8: =COUNTIF('Data Lahan'!$D$5:$D$34,A8) -> 6 | C8: =SUMIFS('Data Lahan'!$G$5:$G$34,'Data Lahan'!$D$5:$D$34,A8) -> 32.97 | D8: =IF($B$4=0,0,C8/$B$4) -> 0.18216476
A9: Kebun | B9: =COUNTIF('Data Lahan'!$D$5:$D$34,A9) -> 4 | C9: =SUMIFS('Data Lahan'!$G$5:$G$34,'Data Lahan'!$D$5:$D$34,A9) -> 27.23 | D9: =IF($B$4=0,0,C9/$B$4) -> 0.1504503
A10: Permukiman | B10: =COUNTIF('Data Lahan'!$D$5:$D$34,A10) -> 2 | C10: =SUMIFS('Data Lahan'!$G$5:$G$34,'Data Lahan'!$D$5:$D$34,A10) -> 2.56 | D10: =IF($B$4=0,0,C10/$B$4) -> 0.014144428
A11: Hutan | B11: =COUNTIF('Data Lahan'!$D$5:$D$34,A11) -> 9 | C11: =SUMIFS('Data Lahan'!$G$5:$G$34,'Data Lahan'!$D$5:$D$34,A11) -> 56.21 | D11: =IF($B$4=0,0,C11/$B$4) -> 0.31056964
A12: Tambak | B12: =COUNTIF('Data Lahan'!$D$5:$D$34,A12) -> 7 | C12: =SUMIFS('Data Lahan'!$G$5:$G$34,'Data Lahan'!$D$5:$D$34,A12) -> 55.04 | D12: =IF($B$4=0,0,C12/$B$4) -> 0.3041052
A13: Lahan Kosong | B13: =COUNTIF('Data Lahan'!$D$5:$D$34,A13) -> 2 | C13: =SUMIFS('Data Lahan'!$G$5:$G$34,'Data Lahan'!$D$5:$D$34,A13) -> 6.98 | D13: =IF($B$4=0,0,C13/$B$4) -> 0.038565667
A14: Total | B14: =SUM(B8:B13) -> 30 | C14: =SUM(C8:C13) -> 180.99 | D14: =SUM(D8:D13) -> 1
A16: Kecamatan | B16: Jumlah Petak | C16: Luas (ha)
A17: Tamalate | B17: =COUNTIF('Data Lahan'!$B$5:$B$34,A17) -> 3 | C17: =SUMIFS('Data Lahan'!$G$5:$G$34,'Data Lahan'!$B$5:$B$34,A17) -> 21.07
A18: Bontomarannu | B18: =COUNTIF('Data Lahan'!$B$5:$B$34,A18) -> 8 | C18: =SUMIFS('Data Lahan'!$G$5:$G$34,'Data Lahan'!$B$5:$B$34,A18) -> 50.77
A19: Pallangga | B19: =COUNTIF('Data Lahan'!$B$5:$B$34,A19) -> 5 | C19: =SUMIFS('Data Lahan'!$G$5:$G$34,'Data Lahan'!$B$5:$B$34,A19) -> 23.66
A20: Moncongloe | B20: =COUNTIF('Data Lahan'!$B$5:$B$34,A20) -> 6 | C20: =SUMIFS('Data Lahan'!$G$5:$G$34,'Data Lahan'!$B$5:$B$34,A20) -> 32.7
A21: Tanralili | B21: =COUNTIF('Data Lahan'!$B$5:$B$34,A21) -> 8 | C21: =SUMIFS('Data Lahan'!$G$5:$G$34,'Data Lahan'!$B$5:$B$34,A21) -> 52.79
